{
  "fc1": {
    "weights": [
      [
        0.03731270879507065,
        0.03866017609834671,
        -6.238483905792236,
        -0.04054863378405571
      ],
      [
        0.08869668841362,
        0.054927513003349304,
        7.407647132873535,
        -0.049110058695077896
      ],
      [
        0.21606649458408356,
        0.07160857319831848,
        4.741312503814697,
        -0.15170428156852722
      ],
      [
        -0.09625476598739624,
        -0.05843992158770561,
        6.191242218017578,
        0.09200899302959442
      ]
    ],
    "bias": [
      2.067072868347168,
      1.957321286201477,
      -1.3157622814178467,
      1.6253750324249268
    ]
  },
  "fc2": {
    "weights": [
      [
        2.4290406703948975,
        -1.7074912786483765,
        0.6379151344299316,
        -1.3366787433624268
      ],
      [
        -1.9271787405014038,
        2.0283002853393555,
        -0.9358500838279724,
        1.0972765684127808
      ]
    ],
    "bias": [
      -0.20497184991836548,
      -0.13155226409435272
    ]
  },
  "scale": 10.0
}